Species,Locomotor type,SkW,SL,OH,HL,Shoulder_Flexion,Shoulder_Extension,Shoulder_Adduction,Shoulder_Abduction,Shoulder_Medial_Rotation,Shoulder_Lateral_Rotation,DHW,OL,UL
Ammospermophilus_leucurus,CUR,1.357744325,1.575764981,0.759667845,1.33243846,0.966610987,0.841984805,0.966610987,0.966610987,0.075546961,-0.113509275,0.730782276,0.540329475,1.225825991
Cryptomys,CT,1.416640507,1.511080846,0.789439685,1.243534102,1.005609445,0.86611004,1.005609445,1.005609445,0.534153074,0.401228167,0.734639839,0.784403302,1.214048679
Ctenomys_maulinus,SD,1.33264041,1.524006446,0.709778602,1.230448921,0.936965897,0.853028615,0.936965897,0.915347062,0.369586891,0.27485032,0.722880611,0.673481697,1.204662512
Dipodomys_deserti,RIC,1.461798558,1.607240504,0.870754945,1.188928484,0.766487206,0.729569726,0.766487206,0.700617196,0.29666519,0.04453976,0.678882415,0.519434195,1.325104983
Dipodomys_merriami,RIC,1.347915187,1.534406899,0.684396478,1.079904468,0.708845638,0.621384028,0.708845638,0.644438589,0.279666944,-0.061480275,0.562768543,0.41480628,1.239049093
Dipodomys_panamintinus,RIC,1.391816924,1.587935349,0.691788524,1.178113252,0.862191031,0.648164779,0.862191031,0.858236335,0.433449794,0.08350262,0.681602999,0.560623875,1.289365952
Dipodomys_microps,RIC,1.369586891,1.569022586,0.681874122,1.13893394,0.765072201,0.689042339,0.771440487,0.751202095,0.315550534,0.166430114,0.606918526,0.434409208,1.241795431
Eospalax_rothschildi,SD,1.386142109,1.591843411,0.957846634,1.294025094,1.000867722,0.888404168,1.000867722,0.985426474,0.621695462,0.51295108,0.958277126,0.843544212,1.164055292
Georychus_capensis,CT,1.404833717,1.524525937,0.824711443,1.32858345,1.10002573,1.062957834,1.10002573,1.100715087,0.556423121,0.40363519,0.800373355,0.811843006,1.266231697
Heliophobius_argenteocinereus,CT,1.439806211,1.546295835,0.805160902,1.330819466,1.115943177,1.053846427,1.115943177,1.100715087,0.57634135,0.45484486,0.780173244,0.866641721,1.25358029
Heterocephalus_glaber,CT,1.287577809,1.330413773,0.619302076,1.188365926,0.943296615,0.803798408,0.943296615,0.943296615,0.143639235,0.173186268,0.608097946,0.616055195,1.06595298
Blanfordimys_juldaschi,CUR,1.235023159,1.451632947,0.324488233,1.116939647,0.834039018,0.756788199,0.834039018,0.793161529,0.391288049,0.074450719,0.539953842,0.395675785,1.10720997
Microtus_pennsylvanicus,CUR,1.13225969,1.425697213,0.546789352,1.157456768,0.796921075,0.611935625,0.796921075,0.796921075,0.296445794,0.023663918,0.552181339,0.416141031,1.17868924
Microtus_pinetorum,SD,1.114610984,1.32776749,0.420945406,1.006893708,0.660011221,0.478999132,0.660011221,0.627468272,0.199755177,0.014520539,0.483587297,0.411451342,1.005180513
Microtus_californicus,SD,1.199480915,1.434409208,0.545307116,1.190891717,0.891537458,0.713490543,0.891537458,0.891537458,0.46686762,-0.017728767,0.525044807,0.465382851,1.172602931
Myospalax_aspalax,SD,1.395151592,1.587149498,1.09482038,1.35755372,1.149527014,0.969788537,1.149527014,1.149527014,0.713154402,0.532372134,1.065579715,0.937317248,1.213252052
Octodon_degus,SD,1.380934463,1.631748074,0.888572597,1.387923467,1.008600172,0.884398826,1.008600172,0.997386384,0.581038949,0.285782274,0.771072783,0.731991449,1.378034322
Pedetes_capensis,SD,2.011147361,2.184975191,1.237292338,1.920018916,1.6349808,1.576456532,1.6349808,1.563955465,0.928651847,0.860936621,1.462098381,1.24674471,1.996380313
Xerospermophilus_spilosoma,SD,1.322839273,1.584444307,0.790847904,1.339252634,0.981728025,0.784403302,0.981728025,0.95114316,0.370142847,0.129689892,0.752816431,0.671358003,1.316808752
Xerospermophilus_tereticaudus,SD,1.354300562,1.542576476,0.730862992,1.344588743,0.998869364,0.804071249,0.998869364,0.950267468,0.246990699,0.229681842,0.756407873,0.709439574,1.305136319
Tamias_palmeri,QC,1.298853076,1.556905269,0.741781696,1.290702243,0.902927096,0.735519059,0.902927096,0.885643872,0.225567713,0.042969073,0.708505881,0.587486465,1.315340477
Thomomys_bottae,SD,1.41564098,1.590618948,0.787743772,1.356981401,1.101059355,0.889581802,1.101059355,1.089198367,0.589055531,0.371990911,0.858055718,0.830781076,1.358886204
Thomomys_mazama,SD,1.277838333,1.522835314,0.577721525,1.252124553,0.988603543,1.053462605,0.988737275,0.972573081,0.521661015,0.271841607,0.843793198,0.777426822,1.195622944
Thomomys_talpoides,SD,1.220369632,1.453624074,0.571592383,1.154423973,0.889189612,0.739967697,0.889189612,0.889189612,0.398113692,0.217747073,0.772541733,0.58410497,1.112939976
Jaculus_jaculus,SD,1.283753383,1.399154334,0.788239097,1.006893708,0.690018781,0.564547712,0.690018781,0.678609417,0.147367108,-0.052223292,0.516667559,0.411282913,1.120573931
Sciurus_vulgaris,QC,1.547651658,1.781252594,0.996073654,1.653309013,1.264817823,1.143639235,1.264817823,1.264817823,0.483729899,0.316808752,1.040997692,0.863501301,1.658964843
Marmota_caudata,SD,1.582290683,1.807737922,1.019531685,1.584444307,1.21005085,1.112605002,1.21005085,1.21005085,0.6349808,0.618780025,1.087426457,1.026941628,1.41447195
Nannospalax_leucodon,CT,1.558588583,1.667359546,1.172018809,1.371437317,1.190051418,0.931915317,1.190051418,1.195899652,0.698796252,0.549738731,0.891593204,1.032618761,1.2929203
Microtus_chrotorrhinus,CUR,1.41480628,1.663983455,0.660865478,1.384890797,1.072617477,0.897682062,1.072617477,1.059941888,0.534280005,0.369215857,0.767675224,0.697490887,1.363423933
Saccostomus_campestris,SD,1.207365037,1.510276844,0.672467313,1.229937686,0.934801342,0.751740874,0.934801342,0.921426341,0.28645647,0.031408464,0.630427875,0.559906625,1.257678575
Nesomys_rufus,CUR,1.376029182,1.672282625,0.726482697,1.411788005,1.051538391,0.781036939,1.051538391,1.036628895,0.379486814,0.166430114,0.734959761,0.67182056,1.436480695
Pachyuromys_duprasi,CUR,1.342225229,1.545059585,0.692141609,1.182414652,0.835500328,0.743039155,0.835500328,0.835753968,0.383456297,0.230704314,0.633165354,0.520876382,1.295127085
Meriones_unguiculatus,SD,1.247727833,1.539577883,0.43917474,1.206825876,0.891481704,0.651181062,0.891481704,0.889917683,0.39880773,0.183554534,0.619510721,0.526855987,1.239799818
Deomys_ferrugineus,CUR,1.208978517,1.564073979,0.585122186,1.267406419,0.950997334,0.736874362,0.950997334,0.851074805,0.15715444,0.175801633,0.621902961,0.542949849,1.310480891
Rattus_leucopus,CUR,1.122215878,1.323458367,0.464042205,1.077004327,0.825036441,0.673020907,0.825036441,0.824321125,0.286905353,0.057666104,0.561459171,0.526985069,1.099680641
Rhabdomys_pumilio,CUR,1.205204364,1.455606113,0.736635498,1.172894698,0.833975371,0.719828286,0.833975371,0.817961805,0.311753861,-0.031750606,0.522965595,0.505692507,1.167317335
Mastomys_natalensis,CUR,1.148294097,1.456973014,0.478710756,1.173768823,0.892484179,0.689575216,0.892484179,0.892484179,0.238046103,0.160168293,0.56371834,0.511348515,1.173768823
Mus_musculus,CUR,1.02325246,1.276231958,0.392872745,0.978089173,0.692846919,0.397592434,0.692846919,0.692846919,0.089551883,-0.180127178,0.39252109,0.29136885,0.988514366
Myopus_schisticolor,CUR,1.165837625,1.382557322,0.530199698,1.097951071,0.74733411,0.540079089,0.74733411,0.74733411,0.231724383,-0.074687909,0.411956238,0.297541668,1.11058971
Lemmus_lemmus,SD,1.291812687,1.457730548,0.568905415,1.22685757,0.905687968,0.72542155,0.905687968,0.896029912,0.491361694,0.183269844,0.626750854,0.503518313,1.184975191
Myodes_gapperi,CUR,1.102776615,1.35545152,0.408409578,1.104145551,0.723865964,0.57955496,0.723865964,0.71432976,0.290924559,-0.018906577,0.468051791,0.44294987,1.090610708
Peromyscus_californicus,CUR,1.162265614,1.475671188,0.559547556,1.172310969,0.793511006,0.612147838,0.793511006,0.769598848,0.315550534,0.117602692,0.563955465,0.420615771,1.242044239
Peromyscus_leucopus,CUR,1.137354111,1.394801777,0.484014963,1.124830149,0.784759895,0.648847708,0.784759895,0.769967801,0.236033147,-0.060131456,0.51308436,0.36361198,1.15075644
Onychomys_leucogaster,SD,1.211387553,1.430880946,0.558828525,1.192232823,0.859738566,0.664359875,0.852540986,0.859738566,0.427810573,-0.043783531,0.622524862,0.527887566,1.212453961
Reithrodontomys_megalotis,CUR,1.042575512,1.335658452,0.641176547,0.987308674,0.606811147,0.460296327,0.606811147,0.590841835,0.162862993,-0.114469167,0.352568386,0.23146959,1.070407322
Neotoma_cinerea,CUR,1.39880773,1.642068627,0.675136504,1.464191371,1.114610984,0.952792443,1.114610984,1.085647288,0.536179532,0.335457901,0.837399024,0.674677468,1.472317546
Neotoma_albigula,CUR,1.36604921,1.629715333,0.854427506,1.409256652,1.070037867,0.959899588,1.047274867,1.070037867,0.430719888,0.283301229,0.795880017,0.658869592,1.430075056
Sigmodon_hispidus,CUR,1.322839273,1.5402043,0.764325606,1.310905629,1.004321374,0.811709027,1.004321374,0.997997636,0.450864692,0.204391332,0.694429691,0.626853415,1.302114377
Dasymys_incomtus,FP,1.293583513,1.544192111,0.638289535,1.281941933,0.952744024,0.796851749,0.952744024,0.952744024,0.474507639,0.331224781,0.650307523,0.554731377,1.315970345
Hydromys_chrysogaster,HP,1.434888121,1.714245911,0.852113861,1.46612587,1.182984967,1.020361283,1.147985321,1.186673867,0.59900924,0.44870632,0.894924977,0.767081621,1.444357126
Oryzomys_palustris,HP,1.209515015,1.461198289,0.64738297,1.187520721,0.84540814,0.678973376,0.823800154,0.82445127,0.422917981,0.171433901,0.617105231,0.486005186,1.213783299
Meriones_crassus,SD,1.317854489,1.558348509,0.655906418,1.20167018,0.876102321,0.618361931,0.876102321,0.856789289,0.415307292,0.116275588,0.579097327,0.51295108,1.298634783
Eliurus_webbi,QC,1.271144318,1.581152892,0.558708571,1.316599302,0.96806246,0.858597345,0.952114085,0.95727198,0.410270964,0.194514342,0.735997884,0.569139725,1.333850145
Brachytarsomys_albicauda,QC,1.396373728,1.64246452,0.549003262,1.412460547,1.085290578,0.888516461,1.085290578,1.069298012,0.563243701,0.437116093,0.879669206,0.661718058,1.416307587
Hylomyscus_alleni,QC,1.123524981,1.437274797,0.273232834,1.148910993,0.778006461,0.65040467,0.778006461,0.755874856,0.15715444,0.05804623,0.51600623,0.419790586,1.157758886
Sciurus_aberti,QC,1.564666064,1.787389621,0.962369336,1.650113164,1.29578694,1.197556213,1.29578694,1.29578694,0.495544338,0.1430148,1.083144143,0.871572936,1.633872263
Sciurus_carolinensis,QC,1.551693915,1.795114986,1.053846427,1.655426588,1.261500773,1.135450699,1.261500773,1.194514342,0.552668216,0.322219295,1.050766311,0.910624405,1.642958879
Tamiasciurus_hudsonicus,QC,1.436480695,1.672836454,0.840106094,1.491221576,1.130655349,0.996511672,1.130655349,1.130655349,0.498310554,0.235528447,0.921686475,0.720159303,1.471438407
Hydrochoerus_hydrochaeris,CUR,2.147614499,2.390935107,1.461048092,2.278936423,1.994581081,1.882979654,1.994581081,1.897572114,1.241048151,1.20790353,1.637689819,1.630732893,2.107481319
Myocastor_coypus,HP,1.767823498,1.974465636,1.051923916,1.815577748,1.525563058,1.436480695,1.525563058,1.513350799,1.016197354,0.79518459,1.304059466,1.236537261,1.876910311
Chinchilla_lanigera,CUR,1.514813295,1.785329835,0.862727528,1.561578368,1.235275877,0.996073654,1.235275877,1.235275877,0.311753861,0.146128036,0.822168079,0.863917377,1.607883744
Lagidium_peruanum,RIC,1.616370472,1.889693791,0.962369336,1.694692926,1.35755372,1.21031852,1.35755372,1.35755372,0.471291711,0.361727836,0.946452265,0.967079734,1.66351247
Erethizon_dorsatum,CUR,1.822625679,2.02362279,1.13893394,1.88733593,1.57818061,1.512684396,1.561816664,1.57818061,0.847572659,0.667452953,1.331832044,1.084576278,1.876967967
Ondatra_zibethicus,HP,1.60648885,1.798512533,0.867467488,1.612253906,1.368286885,1.169380495,1.368286885,1.368286885,0.780317312,0.456366033,1.098989639,1.036229544,1.647089429
Cynomys_leucurus,SD,1.648457594,1.788380515,0.996511672,1.628491105,1.321391278,1.206015877,1.321391278,1.321391278,0.699837726,0.501059262,1.10754913,0.981818607,1.606058749
Castor_canadensis,HP,1.97391257,2.135164467,1.310693312,1.921686475,1.65195607,1.592731766,1.65195607,1.638688887,1.144574208,0.773054693,1.511616021,1.382377303,1.890476909
Aplodontia_rufa,SD,1.649042634,1.778295991,0.984527313,1.558468563,1.276691529,1.214578954,1.276691529,1.276691529,0.651278014,0.418301291,1.138302698,0.941014244,1.517591731
Arborimus_longicaudus,QC,1.137354111,1.39846085,0.503790683,1.167612673,0.846337112,0.691081492,0.846337112,0.822168079,0.222716471,0.100370545,0.564666064,0.390935107,1.131939295
Oryctolagus_cuniculus,SD,1.682325619,1.980821167,1.292699003,1.871923032,1.533517862,1.315970345,1.533517862,1.341038632,0.749736316,0.59439255,1.105850674,1.049992857,1.844663528
Lepus_californicus,CUR,1.652633068,1.993568483,1.113274692,1.947629747,1.502700175,1.418135498,1.502700175,1.502700175,0.703291378,0.667452953,1.021602716,1.123524981,2.000217093
Lepus_townsendii,CUR,1.652343055,1.964683815,1.271376872,2.013300787,1.495266744,1.471291711,1.495266744,1.398981067,0.675778342,0.660865478,1.085290578,1.137986733,2.039533088
Lepus_americanus,CUR,1.487421211,1.838408278,1.11058971,1.807128956,1.367728546,1.165541077,1.367728546,1.1430148,0.376576957,0.514547753,0.868056362,0.904715545,1.799616204
Chrysochloris_stuhlmanni,SD,1.19368103,1.358505911,0.727703884,1.027349608,0.832572775,1.087426457,0.832572775,0.876160085,0.14082218,0.015359755,0.961468555,0.626750854,0.951386095
Chrysochloris_asiatica,SD,1.268343914,1.346352974,0.765668555,1.096562438,0.896085085,1.164352856,0.896085085,0.948070482,0.167612673,-0.052713355,0.993259831,0.799547307,1.011993115
Amblysomus_hottentotus,SD,1.212986185,1.397766256,0.976991545,1.115943177,0.936664513,1.206825876,0.936664513,0.989049156,0.343014497,0.028164419,1.068927612,0.843170465,1.026941628
Potamogale_velox,FP,1.376759395,1.663040975,0.867172751,1.472171147,1.075911761,1.057285644,1.075911761,1.037426498,0.252124553,0.464936429,0.862608364,0.837840862,1.28057837
Eremitalpa_granti,SD,1.234264124,1.239299479,0.599227863,1.035429738,0.898944467,1.070776463,0.863263364,0.898944467,0.20709554,0.001300933,0.890085527,0.742882171,0.914025652
Tenrec_ecaudatus,SD,1.36660971,1.788945727,0.931864513,1.516403148,1.285557309,1.144574208,1.285557309,1.13481437,0.419460073,0.596487134,1.07809415,0.978226182,1.436957331
Micropotamogale_ruwenzorii,FP,1.229425848,1.566083784,0.915610863,1.293583513,1.085290578,0.885021795,1.085290578,0.918344929,0.789439685,0.208172527,0.772321707,0.762303363,1.199755177
Echinops_telfairi,CUR,1.229937686,1.544068044,0.622317661,1.287577809,0.96449534,0.866050924,0.96449534,0.901785145,0.179838928,0.106870544,0.749968084,0.655906418,1.246005904
Setifer_setosus,CUR,1.29907126,1.641672373,0.550228353,1.416973173,1.136720567,1.046885191,1.136720567,1.013679697,0.147985321,0.259115844,0.920645001,0.776483256,1.3818368
Microgale_thomasi,CUR,1.05422991,1.421932813,0.667919685,1.095169351,0.829368108,0.642761203,0.829368108,0.66238002,0.097951071,0.019531685,0.640580806,0.515211304,1.080626487
Geogale_aurita,CUR,0.909662985,1.303412071,0.391111614,0.986950788,0.563481085,0.533644979,0.563481085,0.541579244,-0.19064233,-0.23143589,0.351216345,0.227372442,0.929265618
Orycteropus_afer,SD,1.927267681,2.32565931,1.422917981,2.152655199,1.928139707,1.819412311,1.928139707,1.864095573,1.086715664,1.031408464,1.758457689,1.646795689,2.002727473
Heterohyrax_brucei,CUR,1.721893016,1.952114085,1.27485032,1.898999271,1.47070443,1.559068334,1.47070443,1.47070443,0.754348336,0.915927212,1.13289977,1.233757363,1.730862992
Dendrohyrax_arboreus,QC,1.779524343,2.016113666,1.143951116,1.853759033,1.43917474,1.445292769,1.43917474,1.438225808,0.800029359,0.811575006,1.264345507,1.2219356,1.703119346
Procavia_capensis,CUR,1.732634968,1.950559562,1.310268367,1.891314399,1.496237545,1.408070286,1.496237545,1.422753941,0.694692926,0.749659032,1.068556895,1.293362555,1.689841409
Macroscelides_proboscideus,SD,1.354108439,1.525951341,0.872855245,1.223495941,0.86135516,0.66152874,0.86135516,0.83828225,0.061075324,0.165837625,0.51054501,0.585235063,1.372359583
Petrodromus_tetradactylus,CUR,1.418963831,1.698796252,0.941014244,1.486996888,1.150142162,0.931966115,1.150142162,1.150142162,0.439332694,0.255272505,0.696356389,0.789580712,1.438858659
Rhynchocyon_petersi,CUR,1.568788212,1.817763632,1.035429738,1.575534218,1.346352974,1.083860801,1.346352974,1.311541958,0.373095987,0.571941635,0.89181612,0.947286645,1.581152892
Rhynchocyon_cirnei,CUR,1.54740546,1.824581376,1.016615548,1.565965817,1.298197867,1.069298012,1.181843588,1.151063253,0.366796383,0.418467021,0.894703653,0.937417581,1.562649672
Petrosaltator_rozeti,CUR,1.294466226,1.532117116,0.834484285,1.25163822,0.842422003,0.664735969,0.842422003,0.83231727,0.1430148,-0.025949097,0.472171147,0.555457217,1.360971884
Elephantulus_brachyrhynchus,CUR,1.242044239,1.522052801,0.792671789,1.230193379,0.95477299,0.681060244,0.95477299,0.926548225,0.126131407,0.109915863,0.480725379,0.499274582,1.255031163
Elephantulus_myurus,CUR,1.319314304,1.585573519,0.818489822,1.324282455,0.934397441,0.82672252,0.934397441,0.894316063,0.209246849,0.273001272,0.601190533,0.63818964,1.349860082
Sorex_cinereus,CUR,1.226084116,0.913230871,0.465085288,0.774954689,0.408918021,0.382377303,0.413634997,0.180699201,-0.159893906,-0.117532385,0.288696261,0.219584526,0.853576544
Scalopus_aquaticus,HR,1.256717746,1.532244644,0.724930914,0.836387419,0.818819508,1.482533917,0.872447648,0.656194062,0.936644149,0.725584972,1.051538391,0.815046176,1.075911761
Condylura_cristata,HR,1.139564266,1.536305872,0.68761813,0.719165494,0.714497409,1.482533917,0.698448538,0.410270964,0.936644149,0.461648568,0.905256049,0.727866449,1.131939295
Mogera_wogura,HR,1.284656283,1.58069694,0.884625463,0.901621764,0.888179494,1.482533917,0.888853167,0.769451179,0.936644149,0.792811771,1.108226656,0.920018916,1.186673867
Atelerix_albiventris,CUR,1.38147609,1.561339941,0.818819508,1.452706227,1.083860801,0.963220987,1.159567193,1.071513805,0.29841638,0.440436766,0.882353746,0.835436895,1.435207103
Galemys_pyrenaicus,HR,1.209246849,1.527114112,0.768860001,0.661812686,0.44357588,1.482533917,0.45909079,0.283074975,0.936644149,0.491501766,0.846831753,0.633973156,1.232487866
Neurotrichus_gibbsii,HR,1.013258665,1.330413773,0.732634968,0.462996612,0.334453751,1.482533917,0.389166084,0.214578954,0.936644149,0.224791956,0.605305046,0.449478399,0.945616279
Talpa_romana,HR,1.228143608,1.548880563,0.760949951,0.824256038,0.841609712,1.482533917,0.826398782,0.752739694,0.936644149,0.776991585,1.050766311,0.878406888,1.105850674
Parascalops_breweri,HR,1.18920949,1.497758718,0.821644518,0.742332282,0.728840568,1.482533917,0.728272598,0.566790912,0.936644149,0.572987708,0.94492661,0.737669627,1.032215703
Scapanus_latimanus,HR,1.193402903,1.502973059,0.879153246,0.750122527,0.737033531,1.482533917,0.759290033,0.582517884,0.936644149,0.604118006,0.989360814,0.804684515,1.000434077
Suncus_etruscus,CUR,0.794418331,1.097951071,0.246498581,0.695744275,0.394276527,0.219584526,0.394276527,0.156851901,-0.392116256,-0.374378919,0.158362492,0.035029282,0.677424438
Tupaia_tana,QC,1.39707055,1.768119894,0.863976784,1.518777069,1.118595365,0.992332559,0.959613711,1.102090526,0.515211304,0.300595484,0.913548958,0.775319122,1.513483957
Urogale_everetti,QC,1.405517107,1.758230408,0.925724527,1.462996612,1.088136089,0.948070482,1.088136089,1.057285644,0.360025089,0.286680969,0.916980047,0.79560198,1.487703863
Ptilocercus_lowii,QC,1.35755372,1.57840997,0.703205371,1.34084055,1.000434077,0.807264355,0.857995496,0.761326322,0.402261382,0.051538391,0.720985744,0.436639632,1.389874558
Erinaceus_europaeus,CUR,1.524006446,1.747256397,0.885304668,1.62024019,1.249931757,1.194791758,1.249931757,1.176380692,0.562530769,0.576456532,1.084218687,1.060320029,1.571475904
Hemiechinus_auritus,CUR,1.424228071,1.636186895,0.839854985,1.474944335,1.143639235,1.078456818,1.143639235,1.020361283,0.462098381,0.34084055,0.901948465,0.906227263,1.490520309
Neomys_fodiens,FP,1.031812271,1.302114377,0.708250889,0.920697134,0.612995656,0.57989787,0.612995656,0.429106008,-0.009661145,-0.088522783,0.571009672,0.364175633,0.98784495
Solenodon_paradoxus,SD,1.524006446,1.953807998,1.11058971,1.708760724,1.45909079,1.301680949,1.411114419,1.424391554,0.681964459,0.63918756,1.270911639,1.145817714,1.631443769
Crocidura_russula,CUR,0.9761665,1.304059466,0.57921178,0.930694388,0.628899564,0.550839605,0.585122186,0.408918021,0.038620162,-0.040672354,0.431202885,0.266936911,0.935759104
Crocidura_olivieri,CUR,1.06669855,1.439963936,0.610553705,1.147985321,0.827433895,0.760347079,0.827433895,0.657629431,0.155336037,0.125481266,0.618152733,0.487421211,1.106870544
Euroscaptor_micrura,HR,1.150142162,1.475671188,0.966892296,0.712902125,0.66754634,1.482533917,0.69653112,0.596047008,0.936644149,0.688063697,0.934851803,0.772761647,1.036628895
Ornithorhynchus_anatinus,LD,1.654369091,1.997561116,1.077004327,1.529173603,1.394276527,1.333447274,1.333447274,1.394276527,1.209783015,0.776846409,1.456517858,1.118925753,1.509740016
Tachyglossus_aculeatus,LD,1.65069598,1.992288354,1.16879202,1.746011108,1.660201201,1.456821348,1.456821348,1.660201201,1.4827307,1.092720645,1.693902741,1.228400359,1.64384731
Zaglossus_bruijni,LD,1.756636108,2.276691529,1.305136319,1.857453117,1.783260233,1.574494268,1.491641793,1.783260233,1.478422188,1.035029282,1.745855195,1.293583513,1.924486044
Bettongia_penicillata,RIC,1.614686342,1.88337749,1.014520539,1.521268876,1.20709554,1.080626487,1.20709554,1.176380692,0.726319612,0.34084055,1.047274867,0.923658422,1.635282638
Macrotis_lagotis,SD,1.489114369,1.831293744,1.072249898,1.512284063,1.297760511,1.131618664,1.297760511,1.025305865,0.521138084,0.462847036,1.016197354,0.993303938,1.562887381
Myrmecobius_fasciatus,SD,1.494432899,1.750431249,0.807805532,1.474361976,1.261262869,1.077367905,1.243781916,1.221414238,0.571592383,0.531861949,1.018284308,0.895588276,1.508395033
Onychogalea_fraenata,RIC,1.658011397,1.908753019,1.209515015,1.771587481,1.527758753,1.236033147,1.527758753,1.385069776,0.761251074,0.771440487,1.308777774,1.13225969,1.837588438
Petrogale_penicillata,RIC,1.664547962,1.935708748,1.088136089,1.708250889,1.37821615,1.32407658,1.37821615,1.277150614,0.532627001,0.547897718,1.174350597,1.011993115,1.791339704
Thylogale_stigmatica,RIC,1.74225367,1.994888795,1.15715444,1.859738566,1.611192061,1.505963518,1.568905415,1.430880946,0.890365121,0.66829271,1.309417226,1.131939295,1.962842681
Notoryctes_typhlops,SD,1.218797998,1.407390904,0.836387419,1.128399269,0.956264503,0.791058744,0.940964493,0.918868743,0.422261451,0.231979027,0.959041392,0.896746616,0.90982337
Vombatus_ursinus,SD,1.773786445,1.940715657,1.228143608,1.664735969,1.404149249,1.279210513,1.379849179,1.373647472,0.779740751,0.830652814,1.278753601,1.145196406,1.597914471
Macropus_fuliginosus,RIC,2.093071306,2.41564098,1.651181062,2.228143608,1.857332496,1.633266411,1.857332496,1.781324456,1.044147621,1.226342087,1.67614468,1.474361976,2.330819466
Macropus_giganteus,RIC,1.929521101,2.303671145,1.568905415,2.357286732,2.128819142,1.964778022,2.128819142,1.987621582,1.303843775,1.010299957,1.806925777,1.541454429,2.459241665
Osphranter_rufus,RIC,1.921218121,2.203304916,1.469822016,2.102159183,1.840733235,1.734959761,1.840733235,1.72320931,0.912753304,1.162564407,1.638389408,1.384532615,2.292521885
Notamacropus_agilis,RIC,1.83511959,2.155973345,1.426673888,2.036029731,1.789298611,1.624178926,1.789298611,1.65079304,0.84509804,0.974511693,1.527372083,1.329397879,2.12169113
Dasyurus_viverrinus,CUR,1.576226137,1.753889331,0.963787827,1.653405491,1.329601248,1.113274692,1.329601248,1.329601248,0.408409578,0.555094449,0.966564084,0.855216195,1.701913211
Isoodon_auratus,CUR,1.405517107,1.699837726,0.937818685,1.48301642,1.139249218,1.036229544,1.139249218,1.139249218,0.234770295,0.418301291,0.891760401,0.834357113,1.388278863
Perameles_bougainville,CUR,1.405687787,1.771954749,0.957559402,1.42894429,1.009025742,0.941262909,1.009025742,1.009025742,0.338057875,0.222196046,0.830396176,0.778874472,1.471438407
Dasyurus_hallucatus,CUR,1.543819805,1.79629674,0.869055619,1.601516784,1.318897715,1.157456768,1.318897715,1.318897715,0.427810573,0.39252109,1.015359755,0.886603514,1.601081728
Dasyurus_maculatus,CUR,1.728272598,1.949243591,1.135132651,1.823734988,1.507990725,1.394626764,1.507990725,1.507990725,0.641176547,0.737510691,1.248463718,1.092720645,1.794139356
Petauroides_volans,QC,1.541079768,1.741860394,0.717504075,1.873669293,1.433449794,1.396373728,1.433449794,1.433449794,0.525692525,0.183839037,1.131618664,1.057666104,1.823017523
Dactylopsila_trivirgata,QC,1.617734035,1.786112284,0.886321487,1.585686278,1.299507299,1.165541077,1.299507299,1.299507299,0.666143427,0.464489547,1.124830149,0.964353929,1.645029065
Petaurus_breviceps,QC,1.39707055,1.577951128,0.6599162,1.458939862,1.035829825,0.87817698,1.035829825,0.923917223,0.346939463,0.107888025,0.849296541,0.640183192,1.539828558
Pseudocheirus_peregrinus,QC,1.524006446,1.735918117,0.730782276,1.62910365,1.281033367,1.170555059,1.281033367,1.281033367,0.529301998,0.420450859,1.072617477,0.853637382,1.664829941
Acrobates_pygmaeus,QC,1.147367108,1.319730494,0.436003536,1.104828404,0.647578554,0.584444307,0.647578554,0.592176757,0.029383778,-0.305219364,0.549003262,0.440279213,1.180699201
Didelphis_virginiana,CUR,1.805636766,2.049024098,1.203576775,1.794278866,1.571242851,1.362859303,1.571242851,1.347720217,0.805500858,0.781036939,1.320146286,1.11991541,1.797059695
Chironectes_minimus,HP,1.644241586,1.861773297,0.982587791,1.703892954,1.378397901,1.15896526,1.378397901,1.124830149,0.649432223,0.488832634,1.114610984,0.9364132,1.748420622
Antechinus_stuartii,CUR,1.154119526,1.381656483,0.565847819,1.087781418,0.68761813,0.549003262,0.68761813,0.68761813,-0.160019442,0.070776463,0.561339941,0.408239965,1.134495856
Phascolarctos_cinereus,QC,1.976762523,2.128722284,1.354300562,2.150449409,1.8283376,1.748343104,1.8283376,1.8283376,0.967547976,0.990738329,1.66152874,1.379849179,2.200850498
Sarcophilus_harrisii,CUR,1.970997366,2.063933524,1.343802333,1.996818022,1.706717782,1.519696767,1.706717782,1.574147064,0.792391689,0.910624405,1.384174139,1.219060332,1.978910577
Nasua_nasua,CUR,1.594834356,1.853698212,1.106870544,1.639984248,1.331022171,1.248953615,1.331022171,1.331022171,0.48784512,0.633973156,1.159266331,0.71130096,1.561101384
Vulpes_vulpes,CUR,1.757547853,1.98623413,1.219322508,1.929316727,1.710625015,1.313656347,1.710625015,1.710625015,0.741624258,0.890029586,1.273695588,1.21005085,1.825685708
Lycaon_pictus,CUR,2.174059808,2.318897715,1.598790507,2.266466895,1.91307174,1.847634344,1.91307174,1.872389388,1.104828404,1.291590826,1.553883027,1.559667278,2.304059466
Urocyon_cinereoargenteus,CUR,1.837651558,2.092018471,1.255031163,1.982768577,1.574725584,1.488550717,1.574725584,1.572174314,0.755951041,0.846460825,1.26245109,1.167612673,1.978682565
Vulpes_lagopus,SD,1.836703799,2.106632789,1.289365952,2.014352501,1.694692926,1.425208051,1.694692926,1.549248557,0.69019608,0.814913181,1.303627976,1.176669933,2.010299957
Hyaena_hyaena,CUR,2.184350674,2.352626237,1.554125582,2.284859177,1.965859937,1.86362022,1.965859937,1.89114703,1.89114703,1.165837625,1.649821463,1.39375064,2.317645543
Crocuta_crocuta,CUR,2.244747043,2.448907193,1.725176301,2.37792519,2.068853494,1.955880086,2.068853494,2.003632837,1.313656347,1.320354033,1.767526899,1.738859802,2.360044045
Speothos_venaticus,FP,1.912806393,2.103632705,1.454234896,1.996686756,1.687439775,1.576571684,1.548389418,1.572290606,0.857332496,0.916980047,1.368472838,1.315970345,1.918187661
Zalophus_californianus,UF,2.032094713,2.321184027,1.667079205,2.105884709,1.917558021,1.8683505,1.909449047,1.856366324,1.510410948,1.437116093,1.710625015,1.558348509,2.046378088
Eumetopias_jubatus,UF,2.344647666,2.532754379,1.930694388,2.486614643,2.266255222,2.225102426,2.245216457,2.232335277,1.769229582,1.679791171,2.084075568,2.057932227,2.395815463
Odobenus_rosmarus,HP,2.145972903,2.297125562,1.847140617,2.056218581,1.933082162,1.873669293,1.868703202,1.80393485,1.127752516,1.011570444,1.723701894,1.513883186,1.920384242
Phoca_vitulina,US,2.075619946,2.298918543,1.652826303,1.978089173,1.758457689,1.730943693,1.719911064,1.714078165,1.352182518,1.472610198,1.566673138,1.453471234,1.930898114
Halichoerus_grypus,US,2.307624382,2.507855872,1.844539302,2.220343485,2.070997797,1.958229314,2.034468023,1.99895644,1.638389408,1.696880372,1.846151477,1.751202095,2.202678994
Felis_catus,CUR,1.818951312,1.983039616,1.146438135,2.032618761,1.822298871,1.486430479,1.822298871,1.61436984,0.781611782,0.804275767,1.36660971,1.211120541,2.033423755
Lynx_rufus,CUR,1.917820482,2.019573202,1.305781151,2.137005776,1.799133693,1.646697731,1.799133693,1.684126926,0.725911632,0.840733235,1.39252109,1.285332228,2.116939647
Lynx_canadensis,CUR,1.926342447,2.058236169,1.303196057,2.17768076,1.779740751,1.647871765,1.698361566,1.746166964,0.851869601,0.804139432,1.45377686,1.301680949,2.180068501
Panthera_uncia,CUR,2.126066437,2.284611182,1.534533756,2.326479236,2.06881643,1.881726935,2.06881643,1.957367808,1.101059355,1.202760687,1.706290957,1.630732893,2.273556814
Panthera_tigris,CUR,2.285242162,2.451356532,1.792741786,2.486203708,2.274758054,2.090927853,2.274758054,2.159867847,1.261262869,1.38147609,1.864511081,1.816440168,2.399881303
Panthera_leo,CUR,2.411535532,2.487138375,1.952986065,2.509202522,2.309800446,2.175134759,2.309800446,2.191227382,1.423409728,1.356217134,1.943543977,1.845965762,2.458970052
Leopardus_pardalis,QC,1.89932795,2.096214585,1.240299582,2.114277297,1.656289901,1.660486016,1.656289901,1.633165354,0.902438056,1.002597981,1.451939869,1.384890797,2.065206128
Prionailurus_viverrinus,FP,1.895698727,2.057666104,1.294466226,2.068927612,1.719331287,1.5984622,1.719331287,1.636086515,0.91105102,0.999478534,1.402948829,1.292477594,2.010299957
Suricata_suricatta,SD,1.633771346,1.782257574,1.090963077,1.671358003,1.266936911,1.220369632,1.266936911,1.121887985,0.47070443,0.509740016,0.988737275,0.916927466,1.68770728
Mungos_mungo,SD,1.554125582,1.85985852,1.105850674,1.735997884,1.354492601,1.190891717,1.354492601,1.271841607,0.599992178,0.624385241,1.105850674,1.027349608,1.627673032
Atilax_paludinosus,HP,1.73239376,1.994405147,1.24674471,1.8874485,1.433769834,1.451018452,1.433769834,1.433769834,0.770410132,0.729812507,1.261976191,1.116607744,1.860697274
Genetta_angolensis,QC,1.637189422,1.932575223,1.04060234,1.833019547,1.347134783,1.259354927,1.347134783,1.452093249,0.608739919,0.616265405,1.126780577,1.033423755,1.766264091
Nandinia_binotata,QC,1.590618948,1.851564082,1.114610984,1.691611874,1.362105319,1.253338005,1.362105319,1.267406419,0.549738731,0.59571662,1.154423973,0.96890303,1.603360924
Viverra_zibetha,CUR,1.859438535,2.143951116,1.278524965,2.062205809,1.640680153,1.643945913,1.640680153,1.59900924,0.942404941,1.002166062,1.394801777,1.326540669,1.993832867
Cryptoprocta_ferox,QC,1.895643505,2.074816441,1.309630167,2.030194785,1.630834518,1.604226053,1.630834518,1.667359546,0.782114147,0.80631567,1.415307292,1.277838333,1.944087679
Galidia_elegans,QC,1.540329475,1.806044236,0.98231647,1.706205542,1.287353773,1.206015877,1.287353773,1.237040791,0.436162647,0.301029996,0.974097004,0.902329306,1.675778342
Mungotictis_decemlineata,CUR,1.532627001,1.790707287,1.018284308,1.695481676,1.241795431,1.259354927,1.241795431,1.076640444,0.455301772,0.27392678,0.902818468,0.825426118,1.706034661
Taxidea_taxus,SD,1.871339381,2.103769523,1.464936429,1.99281852,1.639287226,1.589279221,1.556181847,1.639287226,0.848189117,0.805500858,1.481299273,1.390935107,1.905634001
Mephitis_mephitis,CUR,1.644340099,1.808210973,1.074084689,1.790073948,1.385248682,1.387923467,1.545430829,1.385248682,0.694605199,0.544068044,1.27600199,1.062581984,1.731266349
Conepatus_leuconotus,SD,1.718335579,1.915821788,1.339451441,1.841296887,1.500785173,1.508933526,1.602059991,1.500785173,0.88422877,0.610660163,1.3872118,1.247973266,1.737510691
Spilogale_putorius,SD,1.506910726,1.720076573,0.934498451,1.541704023,1.148294097,1.113943352,1.267171728,1.148294097,0.503790683,0.1430148,0.958563883,0.798650645,1.447313109
Spilogale_gracilis,SD,1.553640336,1.746789832,0.959518377,1.581152892,1.109240969,1.153814864,1.340245762,1.109240969,0.587710965,0.28780173,1.065579715,0.839478047,1.480725379
Bassariscus_astutus,QC,1.62324929,1.879038505,1.16790781,1.752509401,1.294245716,1.214313897,1.44357588,1.294245716,0.336459734,0.240549248,1.035029282,0.868056362,1.677606953
Urva_javanica,SD,1.514946005,1.819346484,1.030194785,1.695218919,1.287577809,1.24674471,1.287577809,1.294245716,0.531478917,0.354108439,1.020775488,0.920645001,1.593175263
Lontra_canadensis,FP,1.86581438,2.02031984,1.316808752,1.87604455,1.612571954,1.584444307,1.612571954,1.612571954,0.835690571,0.648360011,1.40654018,1.283527365,1.764549719
Enhydra_lutris,HP,1.987129768,2.05979054,1.569958818,2.049644353,1.880699289,1.758154622,1.880699289,1.705521613,1.018284308,0.836956737,1.541454429,1.388278863,1.972943008
Helarctos_malayanus,QC,2.267453342,2.352780468,1.628184508,2.339590552,2.140602308,2.009748256,2.140602308,2.066437746,1.208172527,1.137037455,1.832891945,1.567731963,2.27907349
Ursus_americanus,CUR,2.239949808,2.455651745,1.66407759,2.465174578,2.271004726,2.136086097,2.271004726,2.147861748,1.371252629,1.308991029,1.924486044,1.664171705,2.418765175
Ursus_arctos,CUR,2.271376872,2.495127881,1.749659032,2.467015818,2.26927939,2.179838928,2.246990699,2.226599905,1.383994789,1.329194415,1.92992956,1.586024382,2.419955748
Ailurus,QC,1.871456174,2.014520539,1.10002573,2.015359755,1.721480855,1.516931809,1.721480855,1.367728546,0.691258358,0.651374944,1.392696953,1.147367108,1.923347656
Ursus_maritimus,FP,2.265077378,2.529199285,1.768119894,2.5289167,2.346704962,2.126910295,2.346704962,2.285219643,1.382377303,1.372175286,2.005223425,1.67614468,2.459166234
Mustela_frenata,QC,1.393399695,1.655810494,0.851258349,1.469674773,0.978636948,0.939519253,0.978636948,0.893761762,0.127104798,0.155336037,0.836956737,0.660865478,1.346744055
Tremarctos_ornatus,CUR,2.209515015,2.387389826,1.689397663,2.449324093,2.239299479,2.114944416,2.239299479,2.139249218,1.220631019,1.346939463,1.927421695,1.630224411,2.370142847
Manis_pentadactyla,H&P,1.584557361,1.926239521,1.154119526,1.800029359,1.592842683,1.486572151,1.588047497,1.376759395,1.032215703,0.64246452,1.472902652,1.296884476,1.589614541
Trichechus_manatus,SW,2.350771183,2.551449998,1.850278553,2.317896266,2.041945072,2.170026898,2.135546068,2.007875744,1.299289334,1.330819466,1.867644234,1.428620673,2.1532049
Dugong_dugon,SW,2.302547372,2.563836919,1.658393026,2.05804623,1.911690159,1.917925422,1.874713689,1.803388825,1.454539985,1.539953842,1.748498127,0.865459323,1.950316164
Cabassous_chacoensis,SD,1.573799582,1.830973397,1.229169703,1.649918719,1.480006943,1.2955671,1.44963265,1.379305518,0.824386202,0.802020752,1.342817315,1.227886705,1.425697213
Chlamyphorus_truncatus,SD,1.403120521,1.552181339,0.855761372,1.265053789,1.103461622,0.859318465,1.084933575,0.99321572,0.519827994,0.486855355,1.049605613,1.038620162,1.02201574
Dasypus_novemcinctus,SD,1.611935625,1.981138783,1.305781151,1.788309812,1.48301642,1.287577809,1.48301642,1.339252634,0.984527313,0.870403905,1.308991029,1.447158031,1.60991441
Euphractus_sexcinctus,SD,1.614580867,1.850768727,1.153814864,1.611510887,1.261262869,1.016197354,1.261262869,1.223236273,0.786609473,0.815577748,1.201943063,1.128722284,1.456973014
Tolypeutes_matacus,SD,1.495821753,1.847325831,1.135450699,1.654753933,1.389166084,1.204662512,1.38147609,1.373831145,0.895367289,0.702688968,1.174350597,1.239299479,1.550595207
Cyclopes_didactylus,H&P,1.390405156,1.693639026,0.8178297,1.461948495,1.098297536,0.975982944,1.098297536,1.200303183,0.607990859,0.251881455,1.134177108,0.829946696,1.34321159
Myrmecophaga_tridactyla,H&P,1.793161529,2.510585221,1.368472838,2.219453537,1.923140356,1.904174368,1.923140356,1.934700402,1.099335278,0.910090546,1.9081632,1.659155281,2.226393663
Tamandua_tetradactyla,H&P,1.536810866,1.968623021,1.155943018,1.782830805,1.517459827,1.422097163,1.517459827,1.524006446,0.62324929,0.503790683,1.425208051,1.124504225,1.599446376
Bradypus_tridactylus,QS,1.670524158,1.8659918,1.143639235,2.23982482,1.95927995,1.775901579,1.95927995,1.95927995,0.661812686,0.478566496,1.460296327,0.877946952,2.185230416
Bradypus_variegatus,QS,1.651665604,1.873436863,1.011570444,2.210452293,1.906819715,1.740993932,1.906819715,1.906819715,0.63447727,0.503790683,1.455149521,0.816903839,2.175743684
Choloepus_hoffmanni,QS,1.645618738,1.858236335,1.105510185,1.864036183,1.547651658,1.458486764,1.547651658,1.547651658,0.658011397,0.695481676,1.2929203,0.562292864,1.763802224
Choloepus_didactylus,QS,1.718418642,1.960661007,1.20167018,2.029383778,1.7107941,1.512016969,1.7107941,1.7107941,0.750585527,0.793161529,1.406199424,0.872971631,2.000867722
Gorilla_gorilla,CUR,2.137417415,2.397087956,1.981138783,2.575187845,2.279301837,2.127396391,2.279301837,2.20167018,1.098297536,1.242541428,1.916506587,1.271376872,2.473457773
Ateles_belzebuth,BRA,2.059941888,2.34084055,1.74225367,2.690373307,2.003460532,1.730216841,2.003460532,1.889357737,1.08849047,1.102433706,1.71432976,1.363423933,2.527629901
Macaca_mulatta,QC,1.959947216,2.106870544,1.435685138,2.20167018,1.8162413,1.586699802,1.8162413,1.713070326,0.817895757,0.918292513,1.474944335,1.314077992,2.185542155
Papio_papio,CUR,2.341632336,2.529558673,1.913177834,2.821054755,2.438542349,2.262213705,2.438542349,2.360214613,1.330007701,1.35679046,1.82549103,1.612359948,2.777789187
Galago_moholi,QC,1.463743721,1.609167374,0.966564084,1.482301767,1.049605613,1.061829307,0.993303938,1.009025742,0.426511261,0.412964272,0.919862254,0.659060072,1.516270883
Galago_senegalensis,QC,1.488973525,1.645913275,1.009025742,1.497344381,1.065206128,1.056142262,0.931762888,1.053462605,0.266231697,0.29710365,0.91850214,0.691258358,1.540079089
Symphalangus_syndactylus,BRA,1.795532443,1.993259831,1.469232743,2.235023159,1.585122186,1.333648757,1.585122186,1.422261451,0.796157877,1.032215703,1.38219721,0.764176132,2.241048151
Pongo_pygmaeus,BRA,2.20790353,2.317854489,1.775173385,2.554368001,2.195622944,1.943098623,2.195622944,2.137986733,1.175801633,1.316599302,1.879554601,1.197004728,2.553033016
Lemur_catta,QC,1.663983455,1.868526887,1.089198367,1.908592239,1.424718337,1.37821615,1.424718337,1.263399331,0.616895426,0.578524605,1.237794993,1.048441804,1.945419343
Pan_troglodytes,QC,2.126001457,2.331184267,1.703978825,2.48162892,2.215426048,2.056447458,2.215426048,2.123165371,1.152594078,1.313656347,1.849542252,1.405858399,2.486600479
Sus_scrofa,CUR,1.88149878,2.156821636,1.49762065,1.925776054,1.735439203,1.536432176,1.735439203,1.525433553,0.958085849,1.166430114,1.388988785,1.40688067,1.829175074
Pecari_tajacu,CUR,2.043912167,2.392995758,1.807264355,2.19331943,1.801197834,1.720076573,1.801197834,1.687082845,1.057666104,1.219322508,1.467903947,1.610021025,2.015275907
Delphinus_capensis,AQ,2.298831252,2.667452953,2.013974177,2.477150207,1.655042341,1.652826303,1.60184279,1.62024019,1.602277084,1.51295108,1.611085733,1.301247089,1.688775655
Lissodelphis_borealis,AQ,2.282735373,2.643452676,2.052770869,2.408968832,1.655234507,1.645815118,1.576801896,1.553033016,1.615318657,1.513883186,1.583085366,1.07773118,1.812579155
Tursiops_truncatus,AQ,2.383042999,2.657055853,2.101850138,2.571149594,1.76871208,1.74358815,1.67596155,1.659440782,1.653694795,1.613207352,1.67660217,1.351796307,1.840670561
Lagenorhynchus_obliquidens,AQ,2.288562198,2.57634135,2.033101937,2.502440777,1.68069803,1.683407299,1.653405491,1.677880582,1.68069803,1.530711838,1.662474504,1.233757363,1.786680453
Steno_bredanensis,AQ,2.307367656,2.699837726,2.024813933,2.574204951,1.767304317,1.789298611,1.766189693,1.753889331,1.749736316,1.62211036,1.743509765,1.346939463,1.872564143
Stenella_coeruleoalba,AQ,2.349607738,2.639486489,1.99056083,2.407662785,1.573451822,1.62024019,1.644733927,1.535167485,1.644241586,1.511482289,1.582858462,1.307923704,1.692935003
Kogia_sima,AQ,2.366516344,2.40275989,1.991978791,2.509256302,1.752355804,1.794557751,1.737510691,1.736316808,1.681693392,1.498034724,1.632558515,1.178401342,1.689486448
Phocoena_phocoena,AQ,2.239599752,2.468524557,1.922881091,2.358448839,1.720490068,1.725584972,1.642662331,1.636688448,1.58726185,1.535800291,1.554004321,1.061829307,1.698100546
